dataset,model,policy_key,seed,event_index,alarm_row,adapt_row,deferred_rows,buffer_rows,action,degraded_to_rebuild,reference_accuracy_used,reference_carried,floor,acc_before,acc_nudged,acc_after,work_units,n_passes,n_estimators_fitted,rows_processed,cumulative_work_units,model_size_after,model_size_unit,placeholders_injected,n_placeholder_rows,nudges_since_rebuild,accuracy_deficit,nudge_prediction_change,alarm_error_before,alarm_error_after,alarm_direction,window_error_recent_100,window_error_prior_100,window_error_recent_200,window_error_prior_200,window_error_recent_500,window_error_prior_500
elec2,xgb,never_adapt,1,0,4570,4630,60,100,SKIP,False,0.8004410143329658,False,nan,0.45,,0.45,0,0,0,0,0,100,rounds,False,0,0,0.35044101433296576,,,,,,,,,,
elec2,xgb,never_adapt,1,1,5371,5371,0,741,SKIP,False,0.83,False,nan,0.6845637583892618,,0.6845637583892618,0,0,0,0,0,100,rounds,False,0,0,0.1454362416107382,,,,,0.38,0.24,0.31,0.185,,
elec2,xgb,never_adapt,1,2,5913,5913,0,542,SKIP,False,0.775,False,nan,0.5871559633027523,,0.5871559633027523,0,0,0,0,0,100,rounds,False,0,0,0.1878440366972477,,,,,0.41,0.13,0.27,0.25,0.222,0.26
elec2,xgb,never_adapt,1,3,6086,6086,0,173,SKIP,False,0.775,True,nan,0.6285714285714286,,0.6285714285714286,0,0,0,0,0,100,rounds,False,0,0,0.14642857142857146,,,,,0.22,0.2,0.21,0.235,0.236,0.264
elec2,xgb,never_adapt,1,4,7227,7227,0,1000,SKIP,False,0.475,False,nan,0.59,,0.59,0,0,0,0,0,100,rounds,False,0,0,-0.11499999999999999,,,,,0.47,0.35,0.41,0.175,0.26,0.236
elec2,xgb,never_adapt,1,5,7458,7458,0,231,SKIP,False,0.775,False,nan,0.574468085106383,,0.574468085106383,0,0,0,0,0,100,rounds,False,0,0,0.200531914893617,,,,,0.32,0.17,0.245,0.405,0.306,0.178
elec2,xgb,never_adapt,1,6,7516,7558,42,100,SKIP,False,0.775,True,nan,0.7,,0.7,0,0,0,0,0,100,rounds,False,0,0,0.07500000000000007,,,,,0.45,0.18,0.315,0.38,0.34,0.18
elec2,xgb,never_adapt,1,7,7637,7658,21,100,SKIP,False,0.775,True,nan,0.5,,0.5,0,0,0,0,0,100,rounds,False,0,0,0.275,,,,,0.29,0.51,0.4,0.19,0.344,0.206
elec2,xgb,never_adapt,1,8,7858,7858,0,200,SKIP,False,0.745,False,nan,0.6,,0.6,0,0,0,0,0,100,rounds,False,0,0,0.14500000000000002,,,,,0.35,0.16,0.255,0.375,0.316,0.264
elec2,xgb,never_adapt,1,9,7976,7976,0,118,SKIP,False,0.745,True,nan,0.4166666666666667,,0.4166666666666667,0,0,0,0,0,100,rounds,False,0,0,0.3283333333333333,,,,,0.24,0.37,0.305,0.25,0.284,0.324
elec2,xgb,never_adapt,1,10,9535,9535,0,1000,SKIP,False,0.82,False,nan,0.695,,0.695,0,0,0,0,0,100,rounds,False,0,0,0.125,,,,,0.42,0.19,0.305,0.355,0.32,0.166
elec2,xgb,never_adapt,1,11,9635,9635,0,100,SKIP,False,0.82,True,nan,0.3,,0.3,0,0,0,0,0,100,rounds,False,0,0,0.52,,,,,0.39,0.42,0.405,0.355,0.342,0.178
elec2,xgb,never_adapt,1,12,9863,9863,0,228,SKIP,False,0.785,False,nan,0.5652173913043478,,0.5652173913043478,0,0,0,0,0,100,rounds,False,0,0,0.21978260869565225,,,,,0.27,0.22,0.245,0.455,0.304,0.262
elec2,xgb,never_adapt,1,13,10414,10414,0,551,SKIP,False,0.83,False,nan,0.8108108108108109,,0.8108108108108109,0,0,0,0,0,100,rounds,False,0,0,0.019189189189189104,,,,,0.19,0.17,0.18,0.045,0.11,0.334
elec2,xgb,never_adapt,1,14,10520,10520,0,106,SKIP,False,0.83,True,nan,0.7727272727272727,,0.7727272727272727,0,0,0,0,0,100,rounds,False,0,0,0.05727272727272725,,,,,0.12,0.19,0.155,0.11,0.116,0.288
elec2,xgb,never_adapt,1,15,10571,10620,49,100,SKIP,False,0.83,True,nan,0.9,,0.9,0,0,0,0,0,100,rounds,False,0,0,-0.07000000000000006,,,,,0.11,0.16,0.135,0.13,0.116,0.232
elec2,xgb,never_adapt,1,16,10638,10720,82,100,SKIP,False,0.83,True,nan,0.8,,0.8,0,0,0,0,0,100,rounds,False,0,0,0.029999999999999916,,,,,0.19,0.1,0.145,0.195,0.14,0.19
elec2,xgb,never_adapt,1,17,10724,10820,96,100,SKIP,False,0.83,True,nan,0.7,,0.7,0,0,0,0,0,100,rounds,False,0,0,0.13,,,,,0.22,0.13,0.175,0.155,0.168,0.16
elec2,xgb,never_adapt,1,18,10853,10920,67,100,SKIP,False,0.83,True,nan,0.75,,0.75,0,0,0,0,0,100,rounds,False,0,0,0.07999999999999996,,,,,0.17,0.18,0.175,0.145,0.16,0.144
elec2,xgb,never_adapt,1,19,11148,11148,0,228,SKIP,False,0.83,False,nan,0.4782608695652174,,0.4782608695652174,0,0,0,0,0,100,rounds,False,0,0,0.35173913043478255,,,,,0.28,0.14,0.21,0.23,0.212,0.14
elec2,xgb,never_adapt,1,20,11591,11591,0,443,SKIP,False,0.58,False,nan,0.4606741573033708,,0.4606741573033708,0,0,0,0,0,100,rounds,False,0,0,0.11932584269662916,,,,,0.48,0.35,0.415,0.395,0.42,0.19
elec2,xgb,never_adapt,1,21,11901,11901,0,310,SKIP,False,0.805,False,nan,0.6612903225806451,,0.6612903225806451,0,0,0,0,0,100,rounds,False,0,0,0.14370967741935492,,,,,0.21,0.2,0.205,0.335,0.286,0.308
elec2,xgb,never_adapt,1,22,11965,12001,36,100,SKIP,False,0.805,True,nan,0.6,,0.6,0,0,0,0,0,100,rounds,False,0,0,0.20500000000000007,,,,,0.3,0.12,0.21,0.23,0.256,0.344
elec2,xgb,never_adapt,1,23,15781,15781,0,1000,SKIP,False,0.645,False,nan,0.61,,0.61,0,0,0,0,0,100,rounds,False,0,0,0.03500000000000003,,,,,0.44,0.34,0.39,0.375,0.32,0.274
elec2,xgb,never_adapt,1,24,15855,15881,26,100,SKIP,False,0.645,True,nan,0.35,,0.35,0,0,0,0,0,100,rounds,False,0,0,0.29500000000000004,,,,,0.46,0.45,0.455,0.375,0.37,0.266
elec2,xgb,never_adapt,1,25,16218,16218,0,337,SKIP,False,0.74,False,nan,0.6029411764705882,,0.6029411764705882,0,0,0,0,0,100,rounds,False,0,0,0.1370588235294118,,,,,0.28,0.22,0.25,0.37,0.322,0.29
elec2,xgb,never_adapt,1,26,16589,16589,0,371,SKIP,False,0.665,False,nan,0.52,,0.52,0,0,0,0,0,100,rounds,False,0,0,0.14500000000000002,,,,,0.39,0.16,0.275,0.415,0.3,0.35
elec2,xgb,never_adapt,1,27,16776,16776,0,187,SKIP,False,0.665,True,nan,0.6052631578947368,,0.6052631578947368,0,0,0,0,0,100,rounds,False,0,0,0.0597368421052632,,,,,0.24,0.27,0.255,0.22,0.252,0.338
elec2,xgb,never_adapt,1,28,16879,16879,0,103,SKIP,False,0.665,True,nan,0.42857142857142855,,0.42857142857142855,0,0,0,0,0,100,rounds,False,0,0,0.2364285714285715,,,,,0.26,0.27,0.265,0.275,0.248,0.296
elec2,xgb,never_adapt,1,29,16921,16979,58,100,SKIP,False,0.665,True,nan,0.9,,0.9,0,0,0,0,0,100,rounds,False,0,0,-0.235,,,,,0.33,0.3,0.315,0.285,0.258,0.292
elec2,xgb,never_adapt,1,30,17034,17079,45,100,SKIP,False,0.665,True,nan,0.75,,0.75,0,0,0,0,0,100,rounds,False,0,0,-0.08499999999999996,,,,,0.17,0.35,0.26,0.23,0.27,0.276
elec2,xgb,never_adapt,1,31,17458,17458,0,379,SKIP,False,0.755,False,nan,0.5657894736842105,,0.5657894736842105,0,0,0,0,0,100,rounds,False,0,0,0.1892105263157895,,,,,0.37,0.07,0.22,0.26,0.218,0.272
elec2,xgb,never_adapt,1,32,17505,17558,53,100,SKIP,False,0.755,True,nan,0.3,,0.3,0,0,0,0,0,100,rounds,False,0,0,0.455,,,,,0.48,0.15,0.315,0.205,0.26,0.276
elec2,xgb,never_adapt,1,33,17601,17658,57,100,SKIP,False,0.755,True,nan,0.65,,0.65,0,0,0,0,0,100,rounds,False,0,0,0.10499999999999998,,,,,0.36,0.44,0.4,0.17,0.278,0.23
elec2,xgb,never_adapt,1,34,17839,17839,0,181,SKIP,False,0.755,True,nan,0.6486486486486487,,0.6486486486486487,0,0,0,0,0,100,rounds,False,0,0,0.10635135135135132,,,,,0.2,0.23,0.215,0.41,0.3,0.222
elec2,xgb,never_adapt,1,35,17905,17939,34,100,SKIP,False,0.755,True,nan,0.6,,0.6,0,0,0,0,0,100,rounds,False,0,0,0.15500000000000003,,,,,0.23,0.11,0.17,0.32,0.292,0.21
elec2,xgb,never_adapt,1,36,18142,18142,0,203,SKIP,False,0.815,False,nan,0.6585365853658537,,0.6585365853658537,0,0,0,0,0,100,rounds,False,0,0,0.15646341463414626,,,,,0.21,0.18,0.195,0.21,0.202,0.272
elec2,xgb,never_adapt,1,37,19056,19056,0,914,SKIP,False,0.655,False,nan,0.6830601092896175,,0.6830601092896175,0,0,0,0,0,100,rounds,False,0,0,-0.02806010928961744,,,,,0.42,0.16,0.29,0.115,0.222,0.26
elec2,xgb,never_adapt,1,38,19140,19156,16,100,SKIP,False,0.655,True,nan,0.25,,0.25,0,0,0,0,0,100,rounds,False,0,0,0.405,,,,,0.7,0.27,0.485,0.17,0.292,0.262
elec2,xgb,never_adapt,1,39,19468,19468,0,312,SKIP,False,0.675,False,nan,0.47619047619047616,,0.47619047619047616,0,0,0,0,0,100,rounds,False,0,0,0.19880952380952388,,,,,0.33,0.21,0.27,0.555,0.414,0.184
elec2,xgb,never_adapt,1,40,19574,19574,0,106,SKIP,False,0.675,True,nan,0.18181818181818182,,0.18181818181818182,0,0,0,0,0,100,rounds,False,0,0,0.4931818181818182,,,,,0.38,0.39,0.385,0.295,0.41,0.212
elec2,xgb,never_adapt,1,41,19758,19758,0,184,SKIP,False,0.675,True,nan,0.5405405405405406,,0.5405405405405406,0,0,0,0,0,100,rounds,False,0,0,0.13445945945945947,,,,,0.29,0.34,0.315,0.335,0.3,0.372
elec2,xgb,never_adapt,1,42,19802,19858,56,100,SKIP,False,0.675,True,nan,0.5,,0.5,0,0,0,0,0,100,rounds,False,0,0,0.17500000000000004,,,,,0.42,0.26,0.34,0.415,0.33,0.378
elec2,xgb,never_adapt,1,43,20113,20113,0,255,SKIP,False,0.62,False,nan,0.27450980392156865,,0.27450980392156865,0,0,0,0,0,100,rounds,False,0,0,0.34549019607843134,,,,,0.56,0.3,0.43,0.535,0.434,0.374
elec2,xgb,never_adapt,1,44,20205,20213,8,100,SKIP,False,0.62,True,nan,0.05,,0.05,0,0,0,0,0,100,rounds,False,0,0,0.57,,,,,0.72,0.5,0.61,0.455,0.516,0.302
elec2,xgb,never_adapt,1,45,20491,20491,0,278,SKIP,False,0.7,False,nan,0.5357142857142857,,0.5357142857142857,0,0,0,0,0,100,rounds,False,0,0,0.16428571428571426,,,,,0.33,0.21,0.27,0.63,0.438,0.392
elec2,xgb,never_adapt,1,46,20829,20829,0,338,SKIP,False,0.545,False,nan,0.4117647058823529,,0.4117647058823529,0,0,0,0,0,100,rounds,False,0,0,0.13323529411764712,,,,,0.49,0.25,0.37,0.48,0.376,0.486
elec2,xgb,never_adapt,1,47,21616,21616,0,787,SKIP,False,0.685,False,nan,0.6835443037974683,,0.6835443037974683,0,0,0,0,0,100,rounds,False,0,0,0.00145569620253172,,,,,0.39,0.16,0.275,0.155,0.198,0.328
elec2,xgb,never_adapt,1,48,21860,21860,0,244,SKIP,False,0.825,False,nan,0.6326530612244898,,0.6326530612244898,0,0,0,0,0,100,rounds,False,0,0,0.19234693877551012,,,,,0.22,0.13,0.175,0.34,0.234,0.198
elec2,xgb,never_adapt,1,49,22034,22034,0,174,SKIP,False,0.825,True,nan,0.5714285714285714,,0.5714285714285714,0,0,0,0,0,100,rounds,False,0,0,0.25357142857142856,,,,,0.27,0.32,0.295,0.185,0.268,0.158
elec2,xgb,never_adapt,1,50,22174,22174,0,140,SKIP,False,0.825,True,nan,0.6785714285714286,,0.6785714285714286,0,0,0,0,0,100,rounds,False,0,0,0.14642857142857135,,,,,0.16,0.29,0.225,0.25,0.21,0.234
elec2,xgb,never_adapt,1,51,22516,22516,0,342,SKIP,False,0.62,False,nan,0.4492753623188406,,0.4492753623188406,0,0,0,0,0,100,rounds,False,0,0,0.17072463768115942,,,,,0.4,0.3,0.35,0.335,0.328,0.25
elec2,xgb,never_adapt,1,52,22842,22842,0,326,SKIP,False,0.585,False,nan,0.3333333333333333,,0.3333333333333333,0,0,0,0,0,100,rounds,False,0,0,0.25166666666666665,,,,,0.58,0.37,0.475,0.485,0.428,0.286
elec2,xgb,never_adapt,1,53,23200,23200,0,358,SKIP,False,0.52,False,nan,0.4027777777777778,,0.4027777777777778,0,0,0,0,0,100,rounds,False,0,0,0.11722222222222223,,,,,0.47,0.44,0.455,0.515,0.472,0.39
elec2,xgb,never_adapt,1,54,23467,23467,0,267,SKIP,False,0.84,False,nan,0.6851851851851852,,0.6851851851851852,0,0,0,0,0,100,rounds,False,0,0,0.15481481481481474,,,,,0.27,0.07,0.17,0.385,0.314,0.492
elec2,xgb,never_adapt,1,55,23519,23567,48,100,SKIP,False,0.84,True,nan,0.15,,0.15,0,0,0,0,0,100,rounds,False,0,0,0.69,,,,,0.42,0.13,0.275,0.34,0.32,0.468
elec2,xgb,never_adapt,1,56,23885,23885,0,318,SKIP,False,0.825,False,nan,0.453125,,0.453125,0,0,0,0,0,100,rounds,False,0,0,0.37187499999999996,,,,,0.4,0.06,0.23,0.455,0.328,0.332
elec2,xgb,never_adapt,1,57,24527,24527,0,642,SKIP,False,0.545,False,nan,0.6201550387596899,,0.6201550387596899,0,0,0,0,0,100,rounds,False,0,0,-0.07515503875968987,,,,,0.49,0.06,0.275,0.225,0.21,0.404
elec2,xgb,never_adapt,1,58,24646,24646,0,119,SKIP,False,0.545,True,nan,0.5,,0.5,0,0,0,0,0,100,rounds,False,0,0,0.04500000000000004,,,,,0.22,0.5,0.36,0.12,0.256,0.294
elec2,xgb,never_adapt,1,59,24704,24746,42,100,SKIP,False,0.545,True,nan,0.85,,0.85,0,0,0,0,0,100,rounds,False,0,0,-0.30499999999999994,,,,,0.47,0.3,0.385,0.205,0.292,0.31
elec2,xgb,never_adapt,1,60,24816,24846,30,100,SKIP,False,0.545,True,nan,1.0,,1.0,0,0,0,0,0,100,rounds,False,0,0,-0.45499999999999996,,,,,0.25,0.56,0.405,0.32,0.302,0.35
elec2,xgb,never_adapt,1,61,24853,24946,93,100,SKIP,False,0.545,True,nan,0.9,,0.9,0,0,0,0,0,100,rounds,False,0,0,-0.355,,,,,0.17,0.49,0.33,0.375,0.312,0.318
elec2,xgb,never_adapt,1,62,25188,25188,0,242,SKIP,False,0.775,False,nan,0.3877551020408163,,0.3877551020408163,0,0,0,0,0,100,rounds,False,0,0,0.3872448979591837,,,,,0.33,0.29,0.31,0.3,0.32,0.27
elec2,xgb,never_adapt,1,63,25583,25583,0,395,SKIP,False,0.515,False,nan,0.5063291139240507,,0.5063291139240507,0,0,0,0,0,100,rounds,False,0,0,0.008670886075949347,,,,,0.45,0.24,0.345,0.505,0.396,0.322
elec2,xgb,never_adapt,1,64,25861,25861,0,278,SKIP,False,0.655,False,nan,0.5,,0.5,0,0,0,0,0,100,rounds,False,0,0,0.15500000000000003,,,,,0.28,0.3,0.29,0.47,0.35,0.368
elec2,xgb,never_adapt,1,65,26198,26198,0,337,SKIP,False,0.61,False,nan,0.6470588235294118,,0.6470588235294118,0,0,0,0,0,100,rounds,False,0,0,-0.03705882352941181,,,,,0.25,0.26,0.255,0.425,0.308,0.414
elec2,xgb,never_adapt,1,66,26330,26330,0,132,SKIP,False,0.61,True,nan,0.2962962962962963,,0.2962962962962963,0,0,0,0,0,100,rounds,False,0,0,0.3137037037037037,,,,,0.3,0.41,0.355,0.24,0.356,0.32
elec2,xgb,never_adapt,1,67,26374,26430,56,100,SKIP,False,0.61,True,nan,0.15,,0.15,0,0,0,0,0,100,rounds,False,0,0,0.45999999999999996,,,,,0.44,0.42,0.43,0.16,0.322,0.366
elec2,xgb,never_adapt,1,68,26544,26544,0,114,SKIP,False,0.61,True,nan,0.34782608695652173,,0.34782608695652173,0,0,0,0,0,100,rounds,False,0,0,0.26217391304347826,,,,,0.34,0.44,0.39,0.39,0.342,0.4
elec2,xgb,never_adapt,1,69,26721,26721,0,177,SKIP,False,0.61,True,nan,0.3611111111111111,,0.3611111111111111,0,0,0,0,0,100,rounds,False,0,0,0.24888888888888888,,,,,0.36,0.53,0.445,0.395,0.394,0.292
elec2,xgb,never_adapt,1,70,26871,26871,0,150,SKIP,False,0.61,True,nan,0.6,,0.6,0,0,0,0,0,100,rounds,False,0,0,0.010000000000000009,,,,,0.19,0.39,0.29,0.36,0.356,0.32
elec2,xgb,never_adapt,1,71,26959,26971,12,100,SKIP,False,0.61,True,nan,0.45,,0.45,0,0,0,0,0,100,rounds,False,0,0,0.15999999999999998,,,,,0.64,0.1,0.37,0.39,0.382,0.31
elec2,xgb,never_adapt,1,72,27003,27071,68,100,SKIP,False,0.61,True,nan,0.0,,0.0,0,0,0,0,0,100,rounds,False,0,0,0.61,,,,,0.56,0.36,0.46,0.325,0.398,0.336
elec2,xgb,never_adapt,1,73,27159,27171,12,100,SKIP,False,0.61,True,nan,0.25,,0.25,0,0,0,0,0,100,rounds,False,0,0,0.36,,,,,0.48,0.59,0.535,0.37,0.448,0.398
elec2,xgb,never_adapt,1,74,27206,27271,65,100,SKIP,False,0.61,True,nan,0.95,,0.95,0,0,0,0,0,100,rounds,False,0,0,-0.33999999999999997,,,,,0.51,0.58,0.545,0.47,0.472,0.372
elec2,xgb,never_adapt,1,75,27550,27550,0,279,SKIP,False,0.815,False,nan,0.5892857142857143,,0.5892857142857143,0,0,0,0,0,100,rounds,False,0,0,0.22571428571428565,,,,,0.38,0.15,0.265,0.425,0.372,0.418
elec2,xgb,never_adapt,1,76,27730,27730,0,180,SKIP,False,0.815,True,nan,0.4722222222222222,,0.4722222222222222,0,0,0,0,0,100,rounds,False,0,0,0.34277777777777774,,,,,0.19,0.66,0.425,0.19,0.312,0.452
elec2,xgb,never_adapt,1,77,27822,27830,8,100,SKIP,False,0.815,True,nan,0.1,,0.1,0,0,0,0,0,100,rounds,False,0,0,0.715,,,,,0.51,0.14,0.325,0.41,0.338,0.486
elec2,xgb,never_adapt,1,78,28049,28049,0,219,SKIP,False,0.76,False,nan,0.5681818181818182,,0.5681818181818182,0,0,0,0,0,100,rounds,False,0,0,0.19181818181818178,,,,,0.32,0.25,0.285,0.345,0.348,0.372
elec2,xgb,never_adapt,1,79,28152,28152,0,103,SKIP,False,0.76,True,nan,0.5238095238095238,,0.5238095238095238,0,0,0,0,0,100,rounds,False,0,0,0.23619047619047617,,,,,0.33,0.33,0.33,0.315,0.324,0.366
elec2,xgb,never_adapt,1,80,28348,28348,0,196,SKIP,False,0.76,True,nan,0.525,,0.525,0,0,0,0,0,100,rounds,False,0,0,0.235,,,,,0.39,0.37,0.38,0.325,0.33,0.342
elec2,xgb,never_adapt,1,81,28492,28492,0,144,SKIP,False,0.76,True,nan,0.5517241379310345,,0.5517241379310345,0,0,0,0,0,100,rounds,False,0,0,0.20827586206896553,,,,,0.28,0.44,0.36,0.3,0.35,0.338
elec2,xgb,never_adapt,1,82,28544,28592,48,100,SKIP,False,0.76,True,nan,0.35,,0.35,0,0,0,0,0,100,rounds,False,0,0,0.41000000000000003,,,,,0.48,0.28,0.38,0.385,0.372,0.348
elec2,xgb,never_adapt,1,83,28679,28692,13,100,SKIP,False,0.76,True,nan,0.25,,0.25,0,0,0,0,0,100,rounds,False,0,0,0.51,,,,,0.27,0.59,0.43,0.31,0.34,0.354
elec2,xgb,never_adapt,1,84,28751,28792,41,100,SKIP,False,0.76,True,nan,0.0,,0.0,0,0,0,0,0,100,rounds,False,0,0,0.76,,,,,0.37,0.17,0.27,0.385,0.342,0.328
elec2,xgb,never_adapt,1,85,28895,28895,0,103,SKIP,False,0.76,True,nan,0.23809523809523808,,0.23809523809523808,0,0,0,0,0,100,rounds,False,0,0,0.5219047619047619,,,,,0.39,0.44,0.415,0.39,0.382,0.33
elec2,xgb,never_adapt,1,86,29117,29117,0,222,SKIP,False,0.77,False,nan,0.5555555555555556,,0.5555555555555556,0,0,0,0,0,100,rounds,False,0,0,0.21444444444444444,,,,,0.27,0.22,0.245,0.46,0.338,0.374
elec2,xgb,never_adapt,1,87,29164,29217,53,100,SKIP,False,0.77,True,nan,0.6,,0.6,0,0,0,0,0,100,rounds,False,0,0,0.17000000000000004,,,,,0.47,0.1,0.285,0.475,0.374,0.32
elec2,xgb,never_adapt,1,88,32478,32478,0,1000,SKIP,False,0.565,False,nan,0.42,,0.42,0,0,0,0,0,100,rounds,False,0,0,0.14499999999999996,,,,,0.52,0.64,0.58,0.395,0.45,0.41
elec2,xgb,never_adapt,1,89,32517,32578,61,100,SKIP,False,0.565,True,nan,0.0,,0.0,0,0,0,0,0,100,rounds,False,0,0,0.565,,,,,0.44,0.69,0.565,0.435,0.442,0.404
elec2,xgb,never_adapt,1,90,33288,33288,0,710,SKIP,False,0.455,False,nan,0.43661971830985913,,0.43661971830985913,0,0,0,0,0,100,rounds,False,0,0,0.018380281690140887,,,,,0.59,0.55,0.57,0.28,0.43,0.538
elec2,xgb,never_adapt,1,91,33482,33482,0,194,SKIP,False,0.455,True,nan,0.46153846153846156,,0.46153846153846156,0,0,0,0,0,100,rounds,False,0,0,-0.0065384615384615485,,,,,0.45,0.37,0.41,0.56,0.418,0.466
elec2,xgb,never_adapt,1,92,33589,33589,0,107,SKIP,False,0.455,True,nan,0.5,,0.5,0,0,0,0,0,100,rounds,False,0,0,-0.044999999999999984,,,,,0.27,0.47,0.37,0.445,0.436,0.4
elec2,xgb,never_adapt,1,93,33981,33981,0,392,SKIP,False,0.56,False,nan,0.5316455696202531,,0.5316455696202531,0,0,0,0,0,100,rounds,False,0,0,0.028354430379746942,,,,,0.37,0.11,0.24,0.455,0.326,0.416
elec2,xgb,never_adapt,1,94,34034,34081,47,100,SKIP,False,0.56,True,nan,0.0,,0.0,0,0,0,0,0,100,rounds,False,0,0,0.56,,,,,0.49,0.12,0.305,0.27,0.332,0.452
elec2,xgb,never_adapt,1,95,34203,34203,0,122,SKIP,False,0.56,True,nan,0.28,,0.28,0,0,0,0,0,100,rounds,False,0,0,0.28,,,,,0.49,0.61,0.55,0.235,0.374,0.424
elec2,xgb,never_adapt,1,96,36544,36544,0,1000,SKIP,False,0.455,False,nan,0.55,,0.55,0,0,0,0,0,100,rounds,False,0,0,-0.09500000000000003,,,,,0.41,0.49,0.45,0.17,0.266,0.12
elec2,xgb,never_adapt,1,97,36601,36644,43,100,SKIP,False,0.455,True,nan,0.95,,0.95,0,0,0,0,0,100,rounds,False,0,0,-0.49499999999999994,,,,,0.34,0.42,0.38,0.315,0.288,0.122
elec2,xgb,never_adapt,1,98,36736,36744,8,100,SKIP,False,0.455,True,nan,0.6,,0.6,0,0,0,0,0,100,rounds,False,0,0,-0.14499999999999996,,,,,0.38,0.39,0.385,0.44,0.358,0.126
elec2,xgb,never_adapt,1,99,36773,36844,71,100,SKIP,False,0.455,True,nan,0.65,,0.65,0,0,0,0,0,100,rounds,False,0,0,-0.195,,,,,0.34,0.41,0.375,0.38,0.368,0.11
elec2,xgb,never_adapt,1,100,37046,37046,0,202,SKIP,False,0.875,False,nan,0.6829268292682927,,0.6829268292682927,0,0,0,0,0,100,rounds,False,0,0,0.19207317073170727,,,,,0.17,0.1,0.135,0.32,0.254,0.27
elec2,xgb,never_adapt,1,101,37853,37853,0,807,SKIP,False,0.75,False,nan,0.7222222222222222,,0.7222222222222222,0,0,0,0,0,100,rounds,False,0,0,0.02777777777777779,,,,,0.33,0.22,0.275,0.18,0.204,0.176
elec2,xgb,never_adapt,1,102,38033,38033,0,180,SKIP,False,0.75,True,nan,0.6111111111111112,,0.6111111111111112,0,0,0,0,0,100,rounds,False,0,0,0.13888888888888884,,,,,0.32,0.32,0.32,0.215,0.262,0.176
elec2,xgb,never_adapt,1,103,39188,39188,0,1000,SKIP,False,0.675,False,nan,0.685,,0.685,0,0,0,0,0,100,rounds,False,0,0,-0.010000000000000009,,,,,0.49,0.14,0.315,0.175,0.26,0.212
elec2,xgb,never_adapt,1,104,39360,39360,0,172,SKIP,False,0.675,True,nan,0.45714285714285713,,0.45714285714285713,0,0,0,0,0,100,rounds,False,0,0,0.21785714285714292,,,,,0.25,0.37,0.31,0.245,0.25,0.202
elec2,xgb,never_adapt,1,105,39769,39769,0,409,SKIP,False,0.64,False,nan,0.4878048780487805,,0.4878048780487805,0,0,0,0,0,100,rounds,False,0,0,0.15219512195121954,,,,,0.45,0.28,0.365,0.375,0.35,0.26
elec2,xgb,never_adapt,1,106,40056,40056,0,287,SKIP,False,0.905,False,nan,0.7758620689655172,,0.7758620689655172,0,0,0,0,0,100,rounds,False,0,0,0.1291379310344828,,,,,0.14,0.06,0.1,0.335,0.228,0.336
elec2,xgb,never_adapt,1,107,40674,40674,0,618,SKIP,False,0.82,False,nan,0.782258064516129,,0.782258064516129,0,0,0,0,0,100,rounds,False,0,0,0.03774193548387095,,,,,0.24,0.23,0.235,0.18,0.18,0.216
elec2,xgb,never_adapt,1,108,42466,42466,0,1000,SKIP,False,0.535,False,nan,0.64,,0.64,0,0,0,0,0,100,rounds,False,0,0,-0.10499999999999998,,,,,0.39,0.33,0.36,0.1,0.286,0.138
elec2,xgb,never_adapt,1,109,42580,42580,0,114,SKIP,False,0.535,True,nan,0.5217391304347826,,0.5217391304347826,0,0,0,0,0,100,rounds,False,0,0,0.013260869565217437,,,,,0.2,0.38,0.29,0.255,0.232,0.22
elec2,xgb,never_adapt,1,110,43338,43338,0,758,SKIP,False,0.78,False,nan,0.7171052631578947,,0.7171052631578947,0,0,0,0,0,100,rounds,False,0,0,0.06289473684210534,,,,,0.36,0.23,0.295,0.245,0.25,0.28
elec2,xgb,never_adapt,1,111,43693,43693,0,355,SKIP,False,0.73,False,nan,0.6901408450704225,,0.6901408450704225,0,0,0,0,0,100,rounds,False,0,0,0.03985915492957748,,,,,0.24,0.12,0.18,0.36,0.244,0.226
elec2,xgb,never_adapt,1,112,43730,43793,63,100,SKIP,False,0.73,True,nan,0.45,,0.45,0,0,0,0,0,100,rounds,False,0,0,0.27999999999999997,,,,,0.3,0.09,0.195,0.285,0.254,0.22
elec2,xgb,never_adapt,1,113,44035,44035,0,242,SKIP,False,0.76,False,nan,0.32653061224489793,,0.32653061224489793,0,0,0,0,0,100,rounds,False,0,0,0.4334693877551021,,,,,0.43,0.22,0.325,0.285,0.26,0.282
elec2,xgb,never_adapt,1,114,44333,44333,0,298,SKIP,False,0.8,False,nan,0.7,,0.7,0,0,0,0,0,100,rounds,False,0,0,0.10000000000000009,,,,,0.18,0.07,0.125,0.39,0.248,0.24
elec2,xgb,never_adapt,1,115,44683,44683,0,350,SKIP,False,0.595,False,nan,0.6285714285714286,,0.6285714285714286,0,0,0,0,0,100,rounds,False,0,0,-0.033571428571428585,,,,,0.28,0.16,0.22,0.435,0.274,0.284
elec2,xgb,never_adapt,1,116,45006,45006,0,323,SKIP,False,0.805,False,nan,0.7538461538461538,,0.7538461538461538,0,0,0,0,0,100,rounds,False,0,0,0.051153846153846216,,,,,0.21,0.19,0.2,0.25,0.204,0.312
